{"cameraMode":{"drawMode":0,"name":"Shaded","section":"Shading Mode"},"sceneLighting":false,"audioPlay":false,"sceneViewState":{"m_AlwaysRefresh":false,"showFog":true,"showSkybox":false,"showFlares":true,"showImageEffects":true,"showParticleSystems":true,"showVisualEffectGraphs":true,"m_FxEnabled":true},"in2DMode":false,"pivot":{"x":0.002740144729614258,"y":1.804411768913269,"z":0.10003972053527832},"rotation":{"x":-0.1371999979019165,"y":-0.7936418056488037,"z":0.19447864592075349,"w":-0.5598979592323303},"size":2.4098782539367677,"orthographic":false}